id,sequence,charge,mz,score,protein,modification,Sample1
1,QASLDGLQQLR,1,1,1,A1A5B6,Phosphorylation[3(100)],1
2,GQSQLSNPTDDSWK,1,1,1,A2A5R2,Phosphorylation[3(0):6(100):9(0):12(0)],1
3,QSLSSADNLEPDVQGHQVAAR,1,1,1,A2A5R2,Phosphorylation[2(33.3):4(33.3):5(33.3)],1
4,ELPLTQAPSAHSSITSGSCPGTPEMR,1,1,1,A2A690,Carbamidomethylation[19(100)];Phosphorylation[5(0):9(0):12(0):13(0):15(0):16(0):18(0):22(100)],1
5,QIASDSPHASPK,1,1,1,A2A690,Phosphorylation[4(0):6(100):10(100)],1
6,DCSYGAVTSPTSTLESR,1,1,1,A2A690,Carbamidomethylation[2(100)];Phosphorylation[3(0):4(0):8(0):9(100):11(0):12(0):13(0):16(0)],1
7,ASPPAESMSVYR,1,1,1,A2A690,Phosphorylation[2(100):7(0):9(0):11(0)],1
8,EYPSPPPSPLR,1,1,1,A2A690,Phosphorylation[2(0):4(100):8(0)],1
9,FSPPPVGGQSK,1,1,1,A2A690,Phosphorylation[2(100):10(0)],1
10,DSAYISSSPLGSHQVFDFR,1,1,1,A2A690,Phosphorylation[2(93.3):4(1.7):6(1.7):7(1.7):8(1.7):12(0)],1
11,DQATSMSQLHLICGGPLEPTSSGDPEAPPPGSLHSAFSSSR,1,1,1,A2A699,Carbamidomethylation[13(100)];Phosphorylation[4(0.8):5(49.6):7(49.6):20(0):21(0):22(0):32(0):35(0):38(0):39(0):40(0)],1
12,SVEGPGGLEPSLDEYRR,1,1,1,A2A699,Phosphorylation[1(100):11(0):15(0)],1
13,SVEGPGGLEPSLDEYR,1,1,1,A2A699,Phosphorylation[1(100):11(0):15(0)],1
14,TGLCSPEDNSLTPLLDEVVAPEGR,1,1,1,A2A699,Carbamidomethylation[4(100)];Phosphorylation[1(33.2):5(33.2):10(33.2):12(0.3)],1
15,DQATSMSQLHLICGGPLEPTSSGDPEAPPPGSLHSAFSSSR,1,1,1,A2A699,Carbamidomethylation[13(100)];Phosphorylation[4(49.3):5(49.3):7(1.3):20(0):21(0):22(0):32(0):35(0):38(0):39(0):40(0)],1
16,EEHLAEALLAPLTQAPEADDPQPGSGDDSNAQDGVSSPAASPSHAVR,1,1,1,A2A6T1,Phosphorylation[13(0.1):25(7.4):29(7.4):36(59.8):37(59.8):41(59.8):43(5.7)],1
17,SDENVLDSPK,1,1,1,A2AAE1,Phosphorylation[1(0):8(100)],1
18,TTFSENLSPK,1,1,1,A2AAE1,Phosphorylation[1(0):2(0):4(0):8(100)],1
19,TQAQHSSPGEMASSPQGLDNPALLR,1,1,1,A2ADY9,Phosphorylation[1(0):6(50):7(50):13(1.2):14(98.8)],1
20,TQAQHSSPGEMASSPQGLDNPALLR,1,1,1,A2ADY9,Phosphorylation[1(0):6(0):7(0):13(0.6):14(99.4)],1
21,VVITQSPGK,1,1,1,A2AF53,Phosphorylation[4(0.5):6(99.5)],1
22,SNSLDDSTEDVQSMDVSPVSK,1,1,1,A2AG50,Phosphorylation[1(50):3(50):7(0):8(0):13(0):17(0):20(0)],1
23,NLIEGFNSPGQETTLNTFC,1,1,1,A2AG50,Carbamidomethylation[19(100)];Phosphorylation[8(33.3):13(33.3):14(33.3):17(0)],1
24,EGAPGQQSTVLPREESLEK,1,1,1,A2AG50,Phosphorylation[8(0):9(0):16(100)],1
25,VESLEALPILSR,1,1,1,A2AHC3,Phosphorylation[3(100):11(0)],1
26,SPSDPGGELPEK,1,1,1,A2AHC3,Phosphorylation[1(50):3(50)],1
27,TSPQAPGLVASIR,1,1,1,A2AHC3,Phosphorylation[1(50):2(50):11(0)],1
28,SLPCLAQSYAHSK,1,1,1,A2AHL1,Carbamidomethylation[4(100)];Phosphorylation[1(100):8(0):9(0):12(0)],1
29,SPAQAPEPAAEGLGR,1,1,1,A2AJA9,Phosphorylation[1(100)],1
30,ASQGLATAPASPPVLQR,1,1,1,A2AJA9,Phosphorylation[2(0):7(0):11(100)],1
31,ASQGLATAPASPPVLQR,1,1,1,A2AJA9,Phosphorylation[2(0):7(0):11(100)],1
32,VALAAGSPTRPPPAR,1,1,1,A2AJA9,Phosphorylation[7(50):9(50)],1
33,TLQVMPPPAPGPLLASWHGGTGTSPPR,1,1,1,A2AJA9,Phosphorylation[1(0):16(96):21(1.3):23(1.3):24(1.3)],1
34,RSSQPSPTTVPASDSPPAK,1,1,1,A2AJI0,Phosphorylation[2(50):3(50):6(0):8(0):9(0):13(0):15(0)],1
35,RSSQPSPTTVPASDSPPAK,1,1,1,A2AJI0,Phosphorylation[2(50):3(50):6(100):8(0):9(0):13(0):15(0)],1
36,SQSMDAMGLSNK,1,1,1,A2ALS5,Phosphorylation[1(0):3(100):10(0)],1
37,AAGISLIVPGKSPTR,1,1,1,A2ALS5,Phosphorylation[5(0):12(0):14(100)],1
38,KPNTVSTSHSGSFTPNNPDLAK,1,1,1,A2ALS5,Phosphorylation[4(0.3):6(24.9):7(24.9):8(24.9):10(24.9):12(0.3):14(0)],1
39,DSCSSPPSLNYGK,1,1,1,A2ALU4,Carbamidomethylation[3(100)];Phosphorylation[2(0):4(0):5(100):8(0):11(0)],1
40,SPSPQFAPQK,1,1,1,A2ALU4,Phosphorylation[1(0):3(100)],1
41,TSPADHGGSVGSESGGSAVDSVAGEHSVSGR,1,1,1,A2AN08,Phosphorylation[1(48.4):2(48.4):9(0.8):12(0.8):14(0.8):17(0.8):21(0):27(0):29(0)],1
42,ELASPVSPELR,1,1,1,A2AN08,Phosphorylation[4(100):7(0)],1
43,ELASPVSPELR,1,1,1,A2AN08,Phosphorylation[4(100):7(100)],1
44,HVTLPSSPR,1,1,1,A2AN08,Phosphorylation[3(0):6(50):7(50)],1
45,VASVEEGDETLDSPGSQSR,1,1,1,A2AP18,Phosphorylation[3(100):10(0):13(0):16(0):18(0)],1
46,KVASVEEGDETLDSPGSQSR,1,1,1,A2AP18,Phosphorylation[4(100):11(0):14(0):17(0):19(0)],1
47,YQQVTLFYNELHYVEK,1,1,1,A2APV2,,1
48,LLEQEALMEQQDAKSPSHK,1,1,1,A2APV2,Phosphorylation[15(100):17(0)],1
49,SIEDLHR,1,1,1,A2APV2,Phosphorylation[1(100)],1
50,GSLFSPR,1,1,1,A2APX8,Phosphorylation[2(0):5(100)],1
51,GDGLVAPRPGSVAHPPHVIPNSPPSTPVPHSLPPSPSR,1,1,1,A2AQ25,Phosphorylation[11(0):22(99.9):25(0):26(0):31(0):35(0):37(0)],1
52,GDAAGDKLELSEDSPNSEQELDK,1,1,1,A2AQ25,Phosphorylation[11(0):14(100):17(0)],1
53,LELSEDSPNSEQELDK,1,1,1,A2AQ25,Phosphorylation[4(0):7(100):10(0)],1
54,HQEETAHAPGQPLHCSTGSPGDVK,1,1,1,A2AQ25,Carbamidomethylation[15(100)];Phosphorylation[5(0):16(33.3):17(33.3):19(33.3)],1
55,IGGKSPPPPPPPPR,1,1,1,A2AQ25,Phosphorylation[5(100)],1
56,ALQTSPQPVEGTGLPR,1,1,1,A2ARP1,Phosphorylation[4(50):5(50):12(0)],1
57,LIAIFFYTCATIIIAFTSANTAMLLFLAMPMLAVGGILFLITNLQIGNLFGK,1,1,1,A2AVZ9,Carbamidomethylation[9(100)],1
58,ALLDVLQRPLSPGNSESLTATANYSK,1,1,1,A2CG49,Phosphorylation[11(100):15(0):17(0):19(0):21(0):24(0):25(0)],1
59,MHSSVTQATQTSPEVPLPSQSANFLDITR,1,1,1,A2RSJ4,Phosphorylation[3(0.8):4(0.8):6(0):9(0.8):11(0.8):12(96.7):19(0):21(0):28(0)],1
60,SMSVDLSHAPLK,1,1,1,A2RSJ4,Phosphorylation[1(0):3(100):7(0)],1
61,NLGSPPKSPTHASPQHTQTEK,1,1,1,A2RSJ4,Phosphorylation[4(100):8(98.8):10(1.2):13(0):17(0):19(0)],1
62,DGSTRLSLDDDGNHNPPSNPVTGK,1,1,1,A2RSJ4,Phosphorylation[3(33.3):4(33.3):7(33.3):18(0):22(0)],1
63,QGTSSPELPTWVK,1,1,1,A2TJV2,Phosphorylation[3(0):4(0):5(100):10(0)],1
64,SMELIDVAVEK,1,1,1,A6H8H5,Phosphorylation[1(100)],1
65,SSPPPLSGASEVDAGELGSER,1,1,1,A6X919,Phosphorylation[1(50):2(50):7(0):10(0):19(0)],1
66,ILPYASTSSEGSNSTDNIAALSTEQEAR,1,1,1,B1AXH1,Phosphorylation[4(16.6):6(16.6):7(16.6):8(16.6):9(16.6):12(16.6):14(0.3):15(0.3):22(0):23(0)],1
67,TISAQDTLAYATALLNEK,1,1,1,B1AY13,Phosphorylation[1(0):3(100):7(0):10(0):12(0)],1
68,VSDQNSPVLPK,1,1,1,B1AY13,Phosphorylation[2(0):6(100)],1
69,QNSATESADSIEIYVPEAQTR,1,1,1,B1AZP2,Phosphorylation[3(33.2):5(33.2):7(33.2):10(0.4):14(0):20(0)],1
70,QNSATESADSIEIYVPEAQTR,1,1,1,B1AZP2,Phosphorylation[3(99.1):5(0.9):7(0):10(0):14(0):20(0)],1
71,ANSWQLVETPEK,1,1,1,B1AZP2,Phosphorylation[3(0):9(100)],1
72,ATQQSLGEQSNPR,1,1,1,B1AZP2,Phosphorylation[2(50):5(50):10(0)],1
73,SLPDCTSHPNSISIDAGPR,1,1,1,B1AZP2,Carbamidomethylation[5(100)];Phosphorylation[1(0):6(0):7(0):11(0.6):13(99.4)],1
74,NSTANLSPQAVANTGFATGLTTK,1,1,1,B2RRF6,Phosphorylation[2(0):3(0):7(0):14(3.6):18(65.5):21(65.5):22(65.5)],1
75,AVVYSNTIQSIIAIIR,1,1,1,B2RSH2,,1
76,DSGVQACFNR,1,1,1,B2RSH2,Carbamidomethylation[7(100)],1
77,IDFGDSAR,1,1,1,B2RSH2,,1
78,AAEDMPEAEQDLERAPTPGGGHPDSPGLPAPAGQQQR,1,1,1,B2RUJ5,Phosphorylation[17(100):25(100)],1
79,MDSYEQEEDIDQIVAEVK,1,1,1,B2RUJ5,Phosphorylation[3(99.7):4(0.3)],1
80,APTPGGGHPDSPGLPAPAGQQQR,1,1,1,B2RUJ5,Phosphorylation[3(100):11(100)],1
81,APTPGGGHPDSPGLPAPAGQQQR,1,1,1,B2RUJ5,Phosphorylation[3(0):11(100)],1
82,SASTESGFHNHTDTAEGDVLAAAR,1,1,1,B2RUJ5,Phosphorylation[1(50):3(50):4(0):6(0):12(0):14(0)],1
83,SASTESGFHNHTDTAEGDVLAAAR,1,1,1,B2RUJ5,Phosphorylation[1(0):3(100):4(0):6(0):12(0):14(0)],1
84,SASTESGFHNHTDTAEGDVLAAAR,1,1,1,B2RUJ5,Phosphorylation[1(50):3(50):4(0):6(100):12(0):14(0)],1
85,EQLEAGIR,1,1,1,B2RXA1,,1
86,AGASEGEDEDDAADEDALPPYSELELSR,1,1,1,B5TVM2,Phosphorylation[4(100):21(0):22(0):27(0)],1
87,GWTYSPAPAR,1,1,1,B5TVM2,Phosphorylation[3(0):4(0):5(100)],1
88,SPSSPSLGSLQQR,1,1,1,B9EHT4,Phosphorylation[1(0):3(0):4(100):6(0):9(0)],1
89,TDPAPMAPPPRGEEEEEEEEDEPVPEAPSPTQER,1,1,1,B9EHT4,Phosphorylation[1(0):29(98.5):31(1.5)],1
90,ELLSTITDPSVIVMADWLK,1,1,1,B9EJ86,Phosphorylation[4(49.7):5(49.7):7(0.5):10(0)],1
91,SVSEINSDDELPGK,1,1,1,B9EKI3,Phosphorylation[1(0):3(0):7(100)],1
92,EVSADVSEEENFLTDFK,1,1,1,B9EKR1,Phosphorylation[3(0):7(100):14(0)],1
93,EVSADVSEEENFLTDFK,1,1,1,B9EKR1,Phosphorylation[3(0):7(100):14(0)],1
94,DNEEDTGLNPGR,1,1,1,B9EKR1,,1
95,VISTPPTPIFPISDDIGAIPIK,1,1,1,B9EKR1,Phosphorylation[3(66.7):4(66.7):7(66.7):13(0)],1
96,EDYQEILDSPIK,1,1,1,D3YVE8,Phosphorylation[3(0):9(100)],1
97,REDYQEILDSPIK,1,1,1,D3YVE8,Phosphorylation[4(0):10(100)],1
98,VTVDHAEEATVGQAEEATVGQAEK,1,1,1,D3YVF0,,1
99,AQTQPDDQAIQAGSTQGLQEGVLVR,1,1,1,D3YVF0,Phosphorylation[3(0):14(50):15(50)],1
100,EATVVGQAEEATVDRAEEATVGQAEEATVGHTEK,1,1,1,D3YVF0,,1
101,SSAIQMGTPELEK,1,1,1,D3YVF0,Phosphorylation[1(0):2(0):8(100)],1
102,SSAIQMGTPELEK,1,1,1,D3YVF0,Phosphorylation[1(0):2(0):8(100)],1
103,QPAGAWASIK,1,1,1,D3YVF0,Phosphorylation[8(100)],1
104,ASLLESSAAGSPR,1,1,1,D3YVF0,Phosphorylation[2(0):6(0):7(0):11(100)],1
105,SVTSAAPPSPATTHQHSLEEPSNGIR,1,1,1,D3YVF0,Phosphorylation[1(0):3(0):4(0):9(0.4):12(49.6):13(49.6):17(0.4):22(0)],1
106,SVTSAAPPSPATTHQHSLEEPSNGIR,1,1,1,D3YVF0,Phosphorylation[1(0):3(0):4(0):9(97.1):12(2.1):13(2.1):17(49.3):22(49.3)],1
107,LTEDSGYVR,1,1,1,D3YVF0,Phosphorylation[2(0):5(99.7):7(0.3)],1
108,QPAGAWASIK,1,1,1,D3YVF0,Phosphorylation[8(100)],1
109,LDQPVSAPPSPR,1,1,1,D3YZP9,Phosphorylation[6(100):10(100)],1
110,SIGAAEDDRPYLAPPAMK,1,1,1,D3YZU1,Phosphorylation[1(100):11(0)],1
111,SIDEGMFSAEPYLR,1,1,1,D3YZU1,Phosphorylation[1(100):8(0):12(0)],1
112,GSSTEDGPGVPPPSPR,1,1,1,D3YZU1,Phosphorylation[2(33.3):3(33.3):4(33.3):14(0)],1
113,EQDVVPFQESPK,1,1,1,D3YZU1,Phosphorylation[10(100)],1
114,GDVSEEEDFR,1,1,1,D3Z7H4,Phosphorylation[4(100)],1
115,VADYIPQLAK,1,1,1,D3Z7P3,,1
116,FALSAMDMEQR,1,1,1,D3Z7P3,,1
117,YAIAVNDLGTEYVHR,1,1,1,D3Z7P3,,1
118,FVIPDFMSFTSHIDELYESAK,1,1,1,D3Z7P3,,1
119,LFLNEDDKPHNPMVNAGAIVVTSLIK,1,1,1,D3Z7P3,,1
120,FSPDLWGVSVCTVDGQR,1,1,1,D3Z7P3,Carbamidomethylation[11(100)],1
121,CVQSNIVLLTQAFR,1,1,1,D3Z7P3,Carbamidomethylation[1(100)],1
123,FDYVMQFLNK,1,1,1,D3Z7P3,,1
124,TALHVAAAEGHVEVVK,1,1,1,D3Z7P3,,1
125,ILQEYQVQYTPQGDSDDGK,1,1,1,D3Z7P3,,1
126,DSPGETDAFGNSEGK,1,1,1,D3Z7P3,,1
127,ILQEYQVQYTPQGDSDDGKGNQTVHK,1,1,1,D3Z7P3,Phosphorylation[5(0):9(0):10(0):15(99.9):23(0)],1
128,AELAPETTETPVETPETVQATDLSLNPEEGSKASPSPSPSEAR,1,1,1,E9PUL5,Phosphorylation[7(0):8(0):10(0):14(0):17(0):21(0):24(0):31(2.4):34(2.4):36(95.2):38(50):40(50)],1
129,AELAPETTETPVETPETVQATDLSLNPEEGSKASPSPSPSEAR,1,1,1,E9PUL5,Phosphorylation[7(0):8(0):10(0):14(0):17(0):21(0):24(0):31(98):34(2):36(0):38(0):40(0)],1
130,AELAPETTETPVETPETVQATDLSLNPEEGSK,1,1,1,E9PUL5,Phosphorylation[7(40):8(40):10(40):14(40):17(40):21(0):24(0):31(0)],1
131,AELAPETTETPVETPETVQATDLSLNPEEGSK,1,1,1,E9PUL5,Phosphorylation[7(0):8(0):10(0):14(99.1):17(0.9):21(0):24(0):31(0)],1
132,TQTEGPRHSEEGLGPVQVVAEIPDQPEALQPGPGITAAPVDSGPK,1,1,1,E9PUL5,Phosphorylation[1(0.8):3(49.6):9(49.6):36(0):42(0)],1
133,HSEEGLGPVQVVAEIPDQPEALQPGPGITAAPVDSGPK,1,1,1,E9PUL5,,1
134,QENGAVVPLQAGDGEEGPAPQPHSPPSTK,1,1,1,E9PUL5,Phosphorylation[24(97.7):27(1.2):28(1.2)],1
135,QENGAVVPLQAGDGEEGPAPQPHSPPSTK,1,1,1,E9PUL5,Phosphorylation[24(97.1):27(1.4):28(1.4)],1
136,QENGAVVPLQAGDGEEGPAPQPHSPPSTK,1,1,1,E9PUL5,Phosphorylation[24(100):27(0):28(0)],1
137,QENGAVVPLQAGDGEEGPAPQPHSPPSTK,1,1,1,E9PUL5,Phosphorylation[24(33.3):27(33.3):28(33.3)],1
138,QENGAVVPLQAGDGEEGPAPQPHSPPSTK,1,1,1,E9PUL5,Phosphorylation[24(98.6):27(0.7):28(0.7)],1
139,QENGAVVPLQAGDGEEGPAPQPHSPPSTKTPPANGAPPR,1,1,1,E9PUL5,Phosphorylation[24(0.6):27(33.1):28(33.1):30(33.1)],1
140,QENGAVVPLQAGDGEEGPAPQPHSPPSTKTPPANGAPPR,1,1,1,E9PUL5,Phosphorylation[24(0):27(1.4):28(1.4):30(97.2)],1
141,QENGAVVPLQAGDGEEGPAPQPHSPPSTKTPPANGAPPR,1,1,1,E9PUL5,Phosphorylation[24(97.5):27(34.2):28(34.2):30(34.2)],1
142,QENGAVVPLQAGDGEEGPAPQPHSPPSTKTPPANGAPPR,1,1,1,E9PUL5,Phosphorylation[24(34.2):27(34.2):28(34.2):30(97.4)],1
143,QENGAVVPLQAGDGEEGPAPQPHSPPSTKTPPANGAPPR,1,1,1,E9PUL5,Phosphorylation[24(100):27(49.6):28(49.6):30(0.9)],1
144,AELAPETTETPVETPETVQATDLSLNPEEGSKASPSPSPSEAR,1,1,1,E9PUL5,Phosphorylation[7(1.3):8(1.3):10(1.3):14(48):17(48):21(0):24(0):31(48):34(48):36(1.3):38(1.3):40(1.3)],1
145,TQTEGPRHSEEGLGPVQVVAEIPDQPEALQPGPGITAAPVDSGPK,1,1,1,E9PUL5,Phosphorylation[1(33.3):3(33.3):9(33.3):36(0):42(0)],1
146,TPPANGAPPR,1,1,1,E9PUL5,Phosphorylation[1(100)],1
147,AELAPETTETPVETPETVQATDLSLNPEEGSK,1,1,1,E9PUL5,Phosphorylation[7(25.2):8(25.2):10(25.2):14(25.2):17(33):21(33):24(33):31(0.1)],1
148,DFLVIPSPVLVK,1,1,1,E9Q3L2,,1
149,TSSVSSISQVSPER,1,1,1,E9Q3L2,Phosphorylation[1(0):2(0):3(0):5(0):6(0):8(0):11(100)],1
150,SILPSNLLTVCQEGTLK,1,1,1,E9Q3L2,Carbamidomethylation[11(100)];Phosphorylation[1(0):5(0):9(0):15(100)],1
151,RISQTSQVSIDAAHGYSPR,1,1,1,E9Q401,Phosphorylation[3(100):5(0):6(0):9(100):16(0):17(0)],1
152,EAAVPEEEGGTPEK,1,1,1,E9Q401,Phosphorylation[11(100)],1
153,IWDMTPVVGCSLATGFSPH,1,1,1,E9Q4P1,Carbamidomethylation[10(100)];Phosphorylation[5(0):11(0):14(0):17(100)],1
154,IWDMTPVVGCSLATGFSPH,1,1,1,E9Q4P1,Carbamidomethylation[10(100)];Phosphorylation[5(0):11(33.3):14(33.3):17(33.3)],1
155,VEQALSEVASSLQSSAPK,1,1,1,E9Q6P5,Phosphorylation[6(0):10(0):11(100):14(0):15(0)],1
156,VEQALSEVASSLQSSAPK,1,1,1,E9Q6P5,Phosphorylation[6(0):10(0.7):11(99.2):14(0):15(0)],1
157,SCYNLTNPSDSGRGSSLLDR,1,1,1,E9Q6P5,Carbamidomethylation[2(100)];Phosphorylation[1(0):3(0):6(0):9(50):11(50):15(50):16(50)],1
158,SPKPGPAPHDQELGFFLETGLQR,1,1,1,E9Q6P5,Phosphorylation[1(100):19(0)],1
159,LPVSSSTSNLHVDR,1,1,1,E9Q6P5,Phosphorylation[4(0):5(0):6(100):7(0):8(0)],1
160,GSSLLDR,1,1,1,E9Q6P5,Phosphorylation[2(0):3(100)],1
161,STGQLNVNPGTPGSGGGGGGSGNTTTAER,1,1,1,E9Q8I9,Phosphorylation[1(50):2(50):11(0):14(0):21(0):24(0):25(0):26(0)],1
162,ELVGDTGSQEGDNEQPSGSETEEDPSASPQK,1,1,1,E9Q942,Phosphorylation[6(0):8(0):17(95.9):19(2):21(2):26(0):28(0)],1
163,SEDLSSGVPKPPAASILHSHSYSDEFGPSGTDFTR,1,1,1,F6SEU4,Phosphorylation[1(100):5(0):6(0):15(0):19(0):21(0):22(0):23(0):29(0):31(0):34(0)],1
164,HFTEQWYPVTLPTGSGGSGGMGSGGGGGSGGGSGGK,1,1,1,F6SEU4,Phosphorylation[3(0):7(0):10(0):13(0.4):15(49.8):18(49.8):23(0):29(0):33(0)],1
165,GPSAEMQGYMMR,1,1,1,F6SEU4,Phosphorylation[3(100):9(0)],1
166,EEVASALVHILQSTGK,1,1,1,F6SEU4,,1
167,DLNSSIDLQSFMAR,1,1,1,F6SEU4,Phosphorylation[4(0):5(100):10(0)],1
168,EYEEEIHSLK,1,1,1,F6SEU4,Phosphorylation[2(0):8(100)],1
169,EGSIGGSGGSGGGGGGGLKPSITK,1,1,1,F6SEU4,Phosphorylation[3(0):7(0):10(98.5):21(1.4):23(0)],1
170,SSPAYCTSSSDITEPEQK,1,1,1,F6SEU4,Carbamidomethylation[6(100)];Phosphorylation[1(0):2(0):5(0):7(0):8(0.2):9(49.9):10(49.9):13(0)],1
171,GSIPAMSYAPFR,1,1,1,F6SEU4,Phosphorylation[2(100):7(0):8(0)],1
172,SSPAYCTSSSDITEPEQK,1,1,1,F6SEU4,Carbamidomethylation[6(100)];Phosphorylation[1(0):2(0):5(0):7(25.5):8(25.5):9(25.5):10(25.5):13(98)],1
173,HFTEQWYPVTLPTGSGGSGGMGSGGGGGSGGGSGGK,1,1,1,F6SEU4,Phosphorylation[3(0):7(0):10(0):13(0):15(0.8):18(0.8):23(32.8):29(32.8):33(32.8)],1
174,LWIIEAR,1,1,1,F6SEU4,,1
175,LGAPENSGISTLER,1,1,1,F8VPU2,Phosphorylation[7(0):10(50):11(50)],1
176,LGAPENSGISTLER,1,1,1,F8VPU2,Phosphorylation[7(0):10(50):11(50)],1
177,SNGPTPELLASSPPDNK,1,1,1,F8VPU2,Phosphorylation[1(0):5(0):11(50):12(50)],1
178,ACTLELGPHQSPALPK,1,1,1,F8VPU2,Carbamidomethylation[2(100)];Phosphorylation[3(0):11(100)],1
179,ACTLELGPHQSPALPKSPPGSK,1,1,1,F8VPU2,Carbamidomethylation[2(100)];Phosphorylation[3(0):11(100):17(100):21(0)],1
180,SPDEATAADQESEDDLSASR,1,1,1,F8VPU2,Phosphorylation[1(33.3):6(33.3):12(33.3):17(0):19(0)],1
181,SVDIHDSIQPR,1,1,1,G3X9K3,Phosphorylation[1(100):7(0)],1
182,IEDSEPHIPLIDDTDAEDDAPTK,1,1,1,G5E829,Phosphorylation[4(0):14(100):22(0)],1
183,MTVVQAYINEK,1,1,1,G5E829,,1
184,GGQVIQIPVADITVGDIAQVK,1,1,1,G5E829,,1
185,DFPAGEPEPEWDNENDVVTGLTCIAVVGIEDPVRPEVPEAIKK,1,1,1,G5E829,Carbamidomethylation[23(100)],1
186,NEIPEEALYKVYTFNSVR,1,1,1,G5E829,,1
187,AQDGAAMEMQPLKSEEGGDGDEK,1,1,1,G5E829,Phosphorylation[14(100)],1
